,Test,correlation coefficient,p_value
0,Pearson Correlation,-0.032418072507163775,0.47812566986331323
1,Spearman Correlation,0.02959769709785644,0.5172559149646156
