{"Ralph Abraham":0.0397605449,"Alma Adams":1.7837893963,"Robert Aderholt":0.0198802724,"Pete Aguilar":0.0497006774,"Rick Allen":0.0397605449,"Colin Allred":0.1708884835,"Justin Amash":0.1789224446,"Mark Amodei":0.3683782816,"Kelly Armstrong":0.0497006774,"Jodey Arrington":0.1988027096,"Cindy Axne":1.337895751,"Brian Babin":0.5621753931,"Don Bacon":0.8577378392,"James Baird":0.0397605449,"Troy Balderson":0.0695809498,"Jim Banks":0.5771211386,"Andy Barr":2.20885396,"Nanette Barragan":0.8301119804,"Karen Bass":2.2914934158,"Joyce Beatty":1.2930370569,"Ami Bera":0.9858531952,"Jack Bergman":1.3701997995,"Don Beyer":1.1953010559,"Andy Biggs":0.6446980238,"Gus Bilirakis":1.7130862474,"Dan Bishop":0.540376246,"Rob Bishop":0.5268125534,"Sanford Bishop":1.2581554651,"Earl Blumenauer":1.4485374689,"Lisa Blunt Rochester":1.6579475403,"Suzanne Bonamici":1.9157012701,"Mike Bost":0.7493078709,"Brendan Boyle":0.341858834,"Kevin Brady":0.0994013548,"Anthony Brindisi":2.0343420506,"Mo Brooks":0.0894612223,"Susan Brooks":0.0596408136,"Anthony Brown":0.9607285261,"Julia Brownley":2.2297823429,"Vern Buchanan":0.4995062351,"Ken Buck":0.1590421796,"Larry Bucshon":0.9918940663,"Ted Budd":0.5275022984,"Tim Burchett":0.4498873949,"Michael Burgess":1.0068398714,"Cheri Bustos":0.9142681956,"G.K. Butterfield":0.9802416563,"Bradley Byrne":0.2733181715,"Ken Calvert":0.2932676077,"Salud Carbajal":0.8887825608,"Tony Cardenas":1.3369059563,"Andre Carson":0.1591608226,"Buddy Carter":1.9995337725,"John Carter":0.0795210898,"Matt Cartwright":1.7309863567,"Ed Case":0.6298374534,"Sean Casten":0.8515360951,"Kathy Castor":1.031051755,"Joaquin Castro":1.1877534389,"Steve Chabot":1.8913886547,"Liz Cheney":0.1510900706,"Judy Chu":1.7312668562,"David Cicilline":3.1578094959,"Gilbert Ray Jr. Cisneros":0.8789340854,"Katherine Clark":0.1590421796,"Yvette Clarke":0.9882755876,"William Lacy, Jr. Clay":1.6461861134,"Emanuel Cleaver":1.7218770981,"Ben Cline":0.8596439958,"Michael Cloud":0.3385578692,"James Clyburn":0.8380640745,"Steve Cohen":1.2989979982,"Tom Cole":0.3484980166,"Chris Collins":0.0994013548,"Doug Collins":1.318592906,"James Comer":0.2670707405,"Michael Conaway":0.2689608932,"Gerald Connolly":2.9250516891,"Paul Cook":0.4478993714,"Jim Cooper":0.0397605449,"Lou Correa":1.2189539671,"Jim Costa":0.0596408136,"Joe Courtney":2.6632678509,"TJ Cox":0.7862836719,"Angie Craig":1.5162893534,"Eric Crawford":0.9789256454,"Daniel Crenshaw":1.2568181753,"Charlie Crist":1.2312413454,"Jason Crow":0.5572408438,"Henry Cuellar":1.2490119934,"Elijah Cummings":3.0227446556,"Joe Cunningham":1.9034206867,"John Curtis":1.2218332291,"Sharice Davids":0.6572354436,"Warren Davidson":0.1093414947,"Danny Davis":2.3357255459,"Rodney Davis":0.784551084,"Susan Davis":0.5758082271,"Madeleine Dean":1.6783471107,"Peter DeFazio":5.2651605606,"Diana DeGette":0.77170223,"Rosa DeLauro":2.2949182987,"Suzan Delbene":1.57011199,"Antonio Delgado":1.7555624247,"Val Demings":0.8303555846,"Mark DeSaulnier":0.3957360685,"Scott DesJarlais":0.0715689808,"Theodore E. Deutch":2.8280396461,"Mario Diaz-Balart":0.0695809498,"Debbie Dingell":2.0771198273,"Lloyd Doggett":1.2332293987,"Michael Doyle":1.2710050344,"Sean Duffy":0.2415789068,"Jeff Duncan":0.1451259851,"Neal Dunn":0.6056286097,"Tom Emmer":0.2802299857,"Eliot Engel":3.3361907005,"Veronica Escobar":1.506939292,"Anna Eshoo":1.8984987736,"Adriano Espaillat":1.3188122511,"Ron Estes":0.0695809498,"Dwight Evans":0.1411499232,"Drew Ferguson":0.3087374568,"Abby Finkenauer":1.402025938,"Brian Fitzpatrick":0.4403816164,"Charles Fleischmann":0.237250343,"Lizzie Fletcher":0.653542757,"Bill Flores":0.3863523602,"Jeff Fortenberry":0.6000170708,"Bill Foster":0.6958767176,"Virginia Foxx":1.166475296,"Lois Frankel":0.398198694,"Marcia Fudge":0.5473006964,"Russ Fulcher":0.2324354798,"Tulsi Gabbard":0.5616512895,"Matt Gaetz":0.0695809498,"Mike Gallagher":0.6169635057,"Ruben Gallego":2.6280424595,"John Garamendi":0.6334449649,"Jesus Garcia":0.5572408438,"Sylvia Garcia":0.7680389285,"Greg Gianforte":1.1362662315,"Bob Gibbs":0.1590421796,"Louie Gohmert":0.1093414947,"Jared Golden":0.8678845167,"Jimmy Gomez":0.2504095733,"Anthony Gonzalez":1.6093690395,"Vicente Gonzalez":0.3032077551,"Jenniffer Gonzalez-Colon":0.8379850984,"Lance Gooden":0.0695809498,"Paul Gosar":0.9483541846,"Josh Gottheimer":0.8726993799,"Kay Granger":0.0,"Garret Graves":2.118596077,"Sam Graves":0.6373552084,"Tom Graves":0.0099401362,"Al Green":1.3915598392,"Mark Green":0.457839489,"H. Morgan Griffith":0.5294084549,"Raul Grijalva":3.1567122936,"Glenn Grothman":0.1709703356,"Michael Guest":1.0236207247,"Brett Guthrie":1.1783216,"Debra Haaland":1.2714295387,"Jim Hagedorn":0.3385578692,"Kwanza Hall":0.0497006774,"Josh Harder":2.2609770298,"Andy Harris":0.0099401362,"Vicky Hartzler":1.0901732445,"Alcee Hastings":0.2683836818,"Jahana Hayes":0.3517171144,"Denny Heck":1.3417080641,"Kevin Hern":0.3902465701,"Jaime Herrera Beutler":0.0894612223,"Jody Hice":0.8391735554,"Brian Higgins":0.2504095733,"Clay Higgins":1.3229215145,"French Hill":1.4772007465,"Katie Hill":0.2471904755,"James Himes":1.3503195047,"George Holding":0.0695809498,"Trey Hollingsworth":0.0795210898,"Kendra Horn":0.4342665374,"Steven Horsford":0.3120384216,"Chrissy Houlahan":0.2186829895,"Steny Hoyer":2.6869604588,"Richard Hudson":0.1411499232,"Jared Huffman":1.8205643892,"Bill Huizenga":0.3068313003,"Duncan Hunter":0.0815091133,"Will Hurd":0.4310474396,"Sheila Jackson Lee":3.8748354912,"Christopher Jacobs":0.0198802724,"Pramila Jayapal":0.8622729182,"Hakeem Jeffries":2.6289241314,"Bill Johnson":0.0914492458,"Dusty Johnson":0.6715168953,"Eddie Bernice Johnson":2.7250084877,"Hank Jr. Johnson":1.1324411631,"Mike Johnson":0.2832583189,"Walter Jones":0.0218682997,"Jim Jordan":0.0099401362,"David Joyce":1.3522384167,"John Joyce":0.3604261577,"Marcy Kaptur":0.5755645037,"John Katko":2.4877128601,"William Keating":0.9813510776,"Fred Keller":0.2335576415,"Mike Kelly":0.0994013548,"Robin Kelly":2.7963478565,"Trent Kelly":0.4041627645,"Joseph Kennedy":1.3000255823,"Ro Khanna":2.6064574718,"Daniel Kildee":0.3398707807,"Derek Kilmer":1.1920127869,"Andrew Kim":1.8459186554,"Ron Kind":1.892090559,"Peter King":1.404078126,"Steve King":0.417485714,"Adam Kinzinger":0.8415959477,"Ann Kirkpatrick":0.0596408136,"Raja Krishnamoorthi":0.6397902966,"Ann Kuster":0.9872847795,"David Kustoff":0.2931984663,"Darin LaHood":0.3509203792,"Doug LaMalfa":0.4200669825,"Conor Lamb":2.749350071,"Doug Lamborn":0.3856753111,"James Langevin":2.4950084686,"Rick Larsen":0.2404694408,"John Larson":0.3807407916,"Robert Latta":0.9592518806,"Brenda Lawrence":0.2454857975,"Al Lawson":0.6452156305,"Barbara Lee":1.0366603136,"Susie Lee":0.9157986641,"Debbie Lesko":1.1124917269,"Andy Levin":0.6703947186,"Mike Levin":2.1024541855,"John Lewis":2.9553442001,"Ted Lieu":1.5076620579,"Daniel Lipinski":0.822704792,"David Loebsack":0.3683782816,"Zoe Lofgren":2.3863596916,"Billy Long":0.3385578692,"Barry Loudermilk":0.2770108879,"Alan Lowenthal":0.6181799769,"Nita Lowey":10.3022384644,"Frank Lucas":0.5105558038,"Blaine Luetkemeyer":0.228623122,"Ben Ray Lujan":1.2712085247,"Elaine Luria":3.4763355255,"Stephen Lynch":1.0410737991,"Tom Malinowski":1.7592550516,"Carolyn Maloney":5.0295906067,"Sean Maloney":1.9907691479,"Kenny Marchant":0.0596408136,"Roger Marshall":0.6155687571,"Thomas Massie":0.0994013548,"Brian Mast":0.8645675182,"Doris Matsui":2.2052514553,"Ben McAdams":1.7404842377,"Lucy McBath":1.8496191502,"Kevin McCarthy":0.3992102742,"Michael McCaul":5.0897016525,"Tom McClintock":0.0695809498,"Betty McCollum":1.424541831,"Donald McEachin":1.093408227,"James McGovern":1.0803999901,"Patrick McHenry":0.6255089045,"David McKinley":0.9783354402,"Cathy McMorris Rodgers":1.4814474583,"Jerry McNerney":1.791500926,"Mark Meadows":1.0833483934,"Gregory Meeks":1.434335947,"Grace Meng":1.044900775,"Dan Meuser":0.0497006774,"Carol Miller":0.3584381342,"Paul Mitchell":0.2515190244,"John Moolenaar":0.0497006774,"Alex Mooney":0.0795210898,