,Test,correlation coefficient,p_value
0,Pearson Correlation,-0.03241807250716379,0.4781256698633137
1,Spearman Correlation,0.02959769709785644,0.5172559149646156
